Title,Link,Views,Priority,Keywords ,Keywords
Second Quarter 2024 Quarterly Market Update With Jake Weinstein | Fidelity Investments,https://www.youtube.com/watch?v=_sfRnVBxiNc,757 views,1,,"second, quarter, quarterly, market, update"
Fidelity Viewpoints®: Making A Plan For Retirement Income | Fidelity Investments,https://www.youtube.com/watch?v=A_nAKxJNV2E,"3,635 views",1,,"fidelity, viewpoints, making, plan, retirement"
Do You Have Money Dysmorphia? - 4/16/24 | Market Sense | Fidelity Investments,https://www.youtube.com/watch?v=wy-0tdm2VEI,"1,299 views",1,,"money, dysmorphia, market, sense, fidelity"
All Eyes On The CPI Print And Options Strategies - 4/11/24 | In The Money | Fidelity Investments,https://www.youtube.com/watch?v=oX3HKxVA5mU,"1,204 views",1,,"all, eyes, cpi, print, options"
What Are Crypto Smart Contracts And How Do They Work? | Fidelity Investments,https://www.youtube.com/watch?v=iBTmWIVHmD8,531 views,1,,"what, crypto, smart, contracts, how"
Q1 2024: Quarterly Wrap & Lookahead | Fidelity Crypto | Fidelity Investments,https://www.youtube.com/watch?v=6qiMbiSgKOI,506 views,1,,"fidelity, q1, quarterly, wrap, lookahead"
Saving For What Matters Most - 4/9/24 | Market Sense | Fidelity Investments,https://www.youtube.com/watch?v=COFuFEzNmh0,"1,232 views",1,,"saving, what, matters, most, market"
Financial Literacy: What We Wish We Had Learned In School | Fidelity Investments,https://www.youtube.com/watch?v=TXJbwZXgQgY,"1,996 views",1,,"we, financial, literacy, what, wish"
5 Questions With Fidelity: Income Strategies For Early Retirement | Fidelity Investments,https://www.youtube.com/watch?v=xcCIqSyCfBs,"1,535 views",1,,"fidelity, questions, income, strategies, early"
"Insights Live: The Latest On The Markets, The Economy, And Your Money | Fidelity Investments",https://www.youtube.com/watch?v=r7x9giNk6F4,"1,888 views",1,,"insights, live, latest, markets, economy"
Cautiously Optimistic: Options For This Week - 4/4/24 | In The Money | Fidelity Investments,https://www.youtube.com/watch?v=t4iY2Oix8pE,"1,180 views",1,,"cautiously, optimistic, options, this, week"
Short-Term Savings | Bright Ideas | Fidelity Investments,https://www.youtube.com/watch?v=8Zng8jM0sZc,"1,917 views",1,,"short, term, savings, bright, ideas"
A Beginners Guide To Crypto Scams And Malicious Activity | Fidelity Investments,https://www.youtube.com/watch?v=s4GFWAoXhpw,935 views,1,,"beginners, guide, crypto, scams, malicious"
Tax Strategies To Consider For Your Portfolio - 4/2/24 | Market Sense | Fidelity Investments,https://www.youtube.com/watch?v=AhGMD2TdvKs,"2,722 views",1,,"tax, strategies, consider, your, portfolio"
Smart Moves To Help Your Money Work As Hard As You Do | Women Talk Money | Fidelity Investments,https://www.youtube.com/watch?v=iC7CCdELkCQ,"2,747 views",1,,"money, as, smart, moves, help"
How To Build Money & Career Success | Women Talk Money | Fidelity Investments,https://www.youtube.com/watch?v=sgalxuLSSx8,"5,338 views",1,,"money, how, build, career, success"
Navigating The Metaverse As A New Investor | Fidelity Investments,https://www.youtube.com/watch?v=UqdwQ7qFC9Q,889 views,1,,"navigating, metaverse, as, new, investor"
Opportunities When Interest Rates Fall - 3/26/24 | Market Sense | Fidelity Investments,https://www.youtube.com/watch?v=otULQYEF0K4,"9,802 views",1,,"opportunities, when, interest, rates, fall"
Side Hustle Money Moves | Money Unscripted | Fidelity Investments,https://www.youtube.com/watch?v=Z9lWdh1YDVk,"2,327 views",1,,"money, side, hustle, moves, unscripted"
Options Ideas and the Fed's Balancing Act - 3/21/24 | In The Money| Fidelity Investments,https://www.youtube.com/watch?v=H_bNVMk5iBI,"1,536 views",1,,"options, ideas, fed, s, balancing"
A Good Time For Income Investing? - 3/19/24 | Market Sense | Fidelity Investments,https://www.youtube.com/watch?v=tMlayW3MZIA,"9,831 views",1,,"good, time, income, investing, market"
A Deep Dive Into Crypto Basics | Fidelity Investments,https://www.youtube.com/watch?v=Y1TRo__-LCk,"1,487 views",1,,"deep, dive, into, crypto, basics"
Unlock Your Money’s Full Potential | Women Talk Money | Fidelity Investments,https://www.youtube.com/watch?v=mMhJ7EySMCQ,"5,274 views",1,,"money, unlock, your, s, full"
Inflation: Hot Or Not? New Options Trade Ideas - 3/14/24 | In The Money | Fidelity Investments,https://www.youtube.com/watch?v=Tcp-wBwC7go,928 views,1,,"inflation, hot, or, not, new"
Teaching Teens Smart Money Habits | Money Unscripted | Fidelity Investments,https://www.youtube.com/watch?v=YIq4nYVvAZE,"1,932 views",1,,"money, teaching, teens, smart, habits"
The New Retirement & What It Means for You - 3/12/24 | Market Sense | Fidelity Investments,https://www.youtube.com/watch?v=NBYr9JGY6go,"5,617 views",1,,"new, retirement, what, it, means"
Doing Retirement Differently? | Money Unscripted | Fidelity Investments,https://www.youtube.com/watch?v=UT9mY9iKxYM,"11,726 views",1,,"doing, retirement, differently, money, unscripted"
Welcome to Money Unscripted - A New Video Podcast | Fidelity Investments,https://www.youtube.com/watch?v=kHhfBdiN90k,"3,912 views",1,,"welcome, money, unscripted, new, video"
5 Questions With Fidelity: Steps To Help Achieve Your Financial Goals | Fidelity Investments,https://www.youtube.com/watch?v=MQJFml8gsCo,"1,571 views",1,,"fidelity, questions, steps, help, achieve"
"Politics, The Economy And The Markets - 3/5/24 | Market Sense | Fidelity Investments",https://www.youtube.com/watch?v=1o3rXZ11vdQ,"2,406 views",1,,"politics, economy, markets, market, sense"
Insights Live: Retiring Early With Confidence | Fidelity Investments,https://www.youtube.com/watch?v=irytyNsOTbw,"2,729 views",1,,"insights, live, retiring, early, confidence"
How To Transfer Assets Over To Fidelity | Fidelity Investments,https://www.youtube.com/watch?v=1C8_hcodmZ0,"2,556 views",1,,"fidelity, how, transfer, assets, over"
Where To Find Your Tax Statements And Documents | Fidelity Investments,https://www.youtube.com/watch?v=o7gJLgTCQ_g,"2,336 views",1,,"where, find, your, tax, statements"
Tax Changes That Could Save You Money - 2/27/24 | Market Sense | Fidelity Investments,https://www.youtube.com/watch?v=qItcgyUfgR4,"4,654 views",1,,"tax, changes, that, could, save"
Crypto and Taxes | Fidelity Investments,https://www.youtube.com/watch?v=BbLQ6QTkbPU,"2,398 views",1,,"crypto, taxes, fidelity, investments"
"The Markets, Money, And Relationships - 2/13/24 | Market Sense | Fidelity Investments",https://www.youtube.com/watch?v=WppEDZzXw9s,"1,651 views",1,,"markets, money, relationships, market, sense"
Getting Started with Fidelity Crypto® | Fidelity Investments,https://www.youtube.com/watch?v=bsmxBe83P5w,"4,106 views",1,,"fidelity, getting, started, crypto, investments"
Insights Live: A 2024 Financial Planning Road Map,https://www.youtube.com/watch?v=b2EYunmGkJo,"1,574 views",1,,"insights, live, financial, planning, road"
Portfolio Checkup - 2/6/24 | Market Sense | Fidelity Investments,https://www.youtube.com/watch?v=ZkFESt7F-Ho,"3,243 views",1,,"portfolio, checkup, market, sense, fidelity"
What's Next For Bonds? - 1/30/24 | Market Sense | Fidelity Investments,https://www.youtube.com/watch?v=LfDEt8yUOc8,"3,608 views",1,,"what, s, next, bonds, market"
First Quarter 2024 Investment Research Update with Denise Chisholm | Fidelity Investments,https://www.youtube.com/watch?v=-qo_Q0WYaPw,"1,622 views",1,,"first, quarter, investment, research, update"
3 tips to get NEW UGC in WAFFLE STACK ATTACK + Pancake Empire Tower Tycoon | Fidelity Investments,https://www.youtube.com/watch?v=-SUhR758jbs,"1,017 views",1,,"tips, get, new, ugc, waffle"
Investing Considerations With ETFs And Bitcoin ETPs - 1/23/24 | Market Sense | Fidelity Investments,https://www.youtube.com/watch?v=fH7WIZVcYDI,"1,832 views",1,,"investing, considerations, etfs, bitcoin, etps"
First Quarter 2024 Quarterly Market Update with Dirk Hofschire | Fidelity Investments,https://www.youtube.com/watch?v=yFn5y0Mvj80,"1,189 views",1,,"first, quarter, quarterly, market, update"
End-of-Year Crypto Wrap-Up and 2024 Lookahead | Fidelity Investments,https://www.youtube.com/watch?v=NW46TvBsR_k,"25,127 views",1,,"end, year, crypto, wrap, up"
Sending Money With Your Phone | Fidelity Investments,https://www.youtube.com/watch?v=VqwyKYDUxA0,"1,029 views",1,,"sending, money, your, phone, fidelity"
How The Fed Affects Your Money | Fidelity Investments,https://www.youtube.com/watch?v=e4Ybp3rnj_A,"1,295 views",1,,"how, fed, affects, your, money"
2024 Outlook Special: What's Ahead For The Markets And Economy | Market Sense | Fidelity Investments,https://www.youtube.com/watch?v=AsYxM9LiaUI,"9,125 views",1,,"outlook, special, what, s, ahead"
5 Questions With Fidelity: Your 2024 Investing Preview | Fidelity Investments,https://www.youtube.com/watch?v=UCT8wwICij4,"1,729 views",1,,"fidelity, questions, your, investing, preview"
"Insights Live: Today’s Markets, The Economy, And Our 2024 Outlook | Fidelity Investments",https://www.youtube.com/watch?v=0G6mtK0A8QI,"2,864 views",1,,"insights, live, today, s, markets"
Fidelity Youth™ App Overview | Fidelity Investments,https://www.youtube.com/watch?v=_AkdOWWqmmM,"2,596 views",1,,"fidelity, youth, app, overview, investments"
2024 Financial Resolutions - 12/19/23 | Market Sense | Fidelity Investments,https://www.youtube.com/watch?v=RkbN6QpDjI8,"2,293 views",1,,"financial, resolutions, market, sense, fidelity"
Defining Altcoins And Stablecoins | Fidelity Investments,https://www.youtube.com/watch?v=7GyeAI_iSpw,832 views,1,,"defining, altcoins, stablecoins, fidelity, investments"
Crypto Must-Knows | Fidelity Investments,https://www.youtube.com/watch?v=L94IkehkKis,"1,966 views",1,,"crypto, must, knows, fidelity, investments"
Credit Card vs. Debit Card: What's The Difference? | Fidelity Investments,https://www.youtube.com/watch?v=2mw8k02Lw2o,"1,733 views",1,,"card, credit, vs, debit, what"
How To Start Saving Money | Fidelity Investments,https://www.youtube.com/watch?v=9T-JA9EWnJk,"2,285 views",1,,"how, start, saving, money, fidelity"
How To Add And Edit Beneficiaries With Fidelity | Fidelity Investments,https://www.youtube.com/watch?v=LO2jG4pAYxk,"3,961 views",1,,"fidelity, how, add, edit, beneficiaries"
5 Questions With Fidelity: Managing Your Transition To Retirement,https://www.youtube.com/watch?v=78ePdpudHs4,"2,498 views",1,,"questions, fidelity, managing, your, transition"
End Of Year Financial Check List - 12/12/23 | Market Sense | Fidelity Investments,https://www.youtube.com/watch?v=P2quC-QHwCQ,"2,886 views",1,,"end, year, financial, check, list"
How To Take An RMD From A Fidelity IRA | Fidelity Investments,https://www.youtube.com/watch?v=1hiNtggaO4E,"4,176 views",1,,"fidelity, how, take, rmd, from"
Learn How To Deposit A Check Into Your Fidelity Youth Account™ | Fidelity Investments,https://www.youtube.com/watch?v=qlrag0UEpZU,"1,381 views",1,,"fidelity, learn, how, deposit, check"
Learn How To Transfer Money With Your Fidelity Youth™ App | Fidelity Investments,https://www.youtube.com/watch?v=45sqIV6DwtQ,"1,325 views",1,,"fidelity, learn, how, transfer, money"
How To Beat The Tax Grinch - 12/05/23 | Market Sense | Fidelity Investments,https://www.youtube.com/watch?v=WGGsr2PdCZM,"1,357 views",1,,"how, beat, tax, grinch, market"
How To Find And Reinvest Dividends | Fidelity Investments,https://www.youtube.com/watch?v=W0pj09J8ekA,"20,036 views",1,,"how, find, reinvest, dividends, fidelity"
How To Transfer Money Into Your Fidelity Bloom® Accounts | Fidelity Investments,https://www.youtube.com/watch?v=GPQK4-W_TM8,"1,815 views",1,,"fidelity, how, transfer, money, into"
Smarter Holiday Spending = More $ For Investing - 11/21/23 | Market Sense | Fidelity Investments,https://www.youtube.com/watch?v=7U9Z399hMhQ,"1,396 views",1,,"smarter, holiday, spending, more, investing"
"Insights Live: Strategies For RMDs, Roth IRAs, And More | Fidelity Investments",https://www.youtube.com/watch?v=EeXwLFKmX54,"6,387 views",1,,"insights, live, strategies, rmds, roth"
The Fidelity Crypto® Experience | Fidelity Investments,https://www.youtube.com/watch?v=k_jCQHahzHU,"1,587 views",1,,"fidelity, crypto, experience, investments"
STOCKing Stuffers For Charitable Investors - 11/14/23 | Market Sense | Fidelity Investments,https://www.youtube.com/watch?v=jEEvxc-l7ik,607 views,1,,"stocking, stuffers, charitable, investors, market"
How Income Investors Can Find Bargains Now - 11/07/23 | Market Sense | Fidelity Investments,https://www.youtube.com/watch?v=heKVlMUGXCw,"2,218 views",1,,"how, income, investors, can, find"
How To Open Your Fidelity Bloom Save And Spend Accounts | Fidelity Investments,https://www.youtube.com/watch?v=RQdzrhjrlRs,"1,859 views",1,,"fidelity, how, open, your, bloom"
How To Activate Your New Fidelity Bloom® Debit Card | Fidelity Investments,https://www.youtube.com/watch?v=PEuO3lGaNmo,764 views,1,,"fidelity, how, activate, your, new"
What's New In The Fidelity Mobile App? | Fidelity Investments,https://www.youtube.com/watch?v=VQMQOhfJjMA,"58,623 views",1,,"fidelity, what, s, new, mobile"
Good Debt Vs. Bad Debt | Fidelity Investments,https://www.youtube.com/watch?v=do-ygyIvYZw,"1,451 views",1,,"debt, good, vs, bad, fidelity"
When To Sell Stocks And Other Investments | Fidelity Investments,https://www.youtube.com/watch?v=fl3eucLPj-o,"2,502 views",1,,"investments, when, sell, stocks, other"
What Should I Invest In?| Fidelity Investments,https://www.youtube.com/watch?v=BuEisdvf2ss,"2,663 views",1,,"what, should, i, invest, fidelity"
How To Use Bitcoin And Cryptocurrency In The Real World | Fidelity Investments,https://www.youtube.com/watch?v=jXwHxch3QGk,"1,189 views",1,,"how, use, bitcoin, cryptocurrency, real"
The Bitcoin Origin Story | Fidelity Investments,https://www.youtube.com/watch?v=f7zEmTVol0I,963 views,1,,"bitcoin, origin, story, fidelity, investments"
How One Fidelity Financial Consultant Puts Personalized Plans Into Action | Fidelity Investments,https://www.youtube.com/watch?v=K6OswY38LmA,990 views,1,,"fidelity, how, one, financial, consultant"
5 Questions With Fidelity: Understanding And Managing Your RMDs | Fidelity Investments,https://www.youtube.com/watch?v=oUPzdgy-ijo,"1,669 views",1,,"fidelity, questions, understanding, managing, your"
A Rewind For Your Money Matters: Lessons From Season 4 | Fidelity Investments,https://www.youtube.com/watch?v=xAcf9-OMsRA,816 views,1,,"rewind, your, money, matters, lessons"
Customer Crypto Q&A: There Are No Bad Crypto Questions | Fidelity Investments,https://www.youtube.com/watch?v=Lgy5AjF0nYE,521 views,1,,"crypto, customer, q, there, no"
Insights Live: Retirement Income Planning | Fidelity Investments,https://www.youtube.com/watch?v=AgjPM3Ad204,"11,541 views",1,,"insights, live, retirement, income, planning"
Life Stages Of Investing | Fidelity Investments,https://www.youtube.com/watch?v=QHnN6ByDNJw,"1,210 views",1,,"life, stages, investing, fidelity, investments"
AI + Investing | Fidelity Investments,https://www.youtube.com/watch?v=rkF85brOrEg,"2,176 views",1,,"ai, investing, fidelity, investments"
5 Questions With Fidelity: Tax Moves To Consider Before Year End | Fidelity Investments,https://www.youtube.com/watch?v=A8ErZ6WswOU,"1,156 views",1,,"fidelity, questions, tax, moves, consider"
AI’s Boom And Bloom | Fidelity Investments,https://www.youtube.com/watch?v=Gwto046qwPY,863 views,1,,"ai, s, boom, bloom, fidelity"
Covering Crypto on the Street: Part 1 | Fidelity Investments,https://www.youtube.com/watch?v=OlBlNcDC3u8,457 views,1,,"covering, crypto, street, part, fidelity"
Understanding Risk Tolerance | Fidelity Investments,https://www.youtube.com/watch?v=L91FRxNkglk,"2,422 views",1,,"understanding, risk, tolerance, fidelity, investments"
Why Is It So Important To Diversify Your Investments? | Fidelity Investments,https://www.youtube.com/watch?v=tpv4T8A0MVI,"1,641 views",1,,"investments, why, it, so, important"
What Is Market Volatility? | Fidelity Investments,https://www.youtube.com/watch?v=tzBQJei0Ee4,"1,125 views",1,,"what, market, volatility, fidelity, investments"
Summer Crypto Recap & 2023 Lookahead | Fidelity Investments,https://www.youtube.com/watch?v=IbWrDtilucA,"11,989 views",1,,"summer, crypto, recap, lookahead, fidelity"
Living Off Your Investments | Fidelity Investments,https://www.youtube.com/watch?v=xIRMipls4_4,"13,501 views",1,,"investments, living, off, your, fidelity"
NFTs explained: What are They and Where Do They Come From? | Fidelity Investments,https://www.youtube.com/watch?v=3GuanX80nUw,791 views,1,,"they, nfts, explained, what, where"
How to Use Fidelity Crypto | Fidelity Investments,https://www.youtube.com/watch?v=DsranJWTA4c,"9,045 views",1,,"fidelity, how, use, crypto, investments"
Reconnecting Your Fidelity Account to Your Venmo Account,https://www.youtube.com/watch?v=P978Pg94Dwk,"2,292 views",1,,"your, account, reconnecting, fidelity, venmo"
Fidelity Viewpoints® : Make Informed Health Plan Choices | Fidelity Investments,https://www.youtube.com/watch?v=1Dv4eK0lwLs,890 views,1,,"fidelity, viewpoints, make, informed, health"
Getting started with Fidelity Basket Portfolios | Fidelity Investments,https://www.youtube.com/watch?v=mOmoHNdw_fk,"4,579 views",1,,"fidelity, getting, started, basket, portfolios"
Women's Financial Wellness | Fidelity Investments,https://www.youtube.com/watch?v=28HNtMI2dsc,595 views,1,,"women, s, financial, wellness, fidelity"
Income Investing Is Back | Fidelity Investments,https://www.youtube.com/watch?v=aiYaDk8RfF0,"2,667 views",1,,"income, investing, back, fidelity, investments"
What is Bitcoin Halving? | Fidelity Investments,https://www.youtube.com/watch?v=_XWduRzjklE,601 views,1,,"what, bitcoin, halving, fidelity, investments"
What Are Stablecoins? | Fidelity Investments,https://www.youtube.com/watch?v=Pld_5hXubmU,216 views,1,,"what, stablecoins, fidelity, investments"
What Are Network Effects? | Fidelity Investments,https://www.youtube.com/watch?v=s0G8j17bDmk,89 views,1,,"what, network, effects, fidelity, investments"
Welcome To Fidelity Crypto? | Fidelity Investments,https://www.youtube.com/watch?v=3bW2M5GJypQ,621 views,1,,"fidelity, welcome, crypto, investments"
Tax-Smart Strategies for 2023 & Beyond | Fidelity Investments,https://www.youtube.com/watch?v=aDRiLqR7p8w,"2,550 views",1,,"tax, smart, strategies, beyond, fidelity"
What Are NFTs and How Do They Work? | Fidelity Investments,https://www.youtube.com/watch?v=f8CDTfHS3Jo,313 views,1,,"what, nfts, how, they, work"
Investing Trends By Generation | Fidelity Investments,https://www.youtube.com/watch?v=k0G797apyh8,825 views,1,,"investing, trends, generation, fidelity, investments"
Crypto Volatility | Fidelity Investments,https://www.youtube.com/watch?v=ME06IBaZ8_k,306 views,1,,"crypto, volatility, fidelity, investments"
Crypto Q&A The Future of Bitcoin | Fidelity Investments,https://www.youtube.com/watch?v=BOm4aT-4xGQ,627 views,1,,"crypto, q, future, bitcoin, fidelity"
5 Questions With Fidelity: Keeping Investments On Track In Today's Economy | Fidelity Investments,https://www.youtube.com/watch?v=tXaiTPx2UVA,774 views,1,,"fidelity, investments, questions, keeping, track"
An Investor’s Briefing | Fidelity Investments,https://www.youtube.com/watch?v=UHZpu6F_hOk,747 views,1,,"investor, s, briefing, fidelity, investments"
Proof-of-Work & Proof-of-Stake: Crypto Consensus | Fidelity Investments,https://www.youtube.com/watch?v=h2xPIiKgsz8,553 views,1,,"proof, work, stake, crypto, consensus"
Insights Live: Outlook And Opportunities For Today’s Markets | Fidelity Investments,https://www.youtube.com/watch?v=zrzQTyoRtrU,636 views,1,,"insights, live, outlook, opportunities, today"
Customer Crypto Questions and Answers: Blockchain Education | Fidelity Investments,https://www.youtube.com/watch?v=bsQMp8EAxVQ,454 views,1,,"customer, crypto, questions, answers, blockchain"
5 Questions With Fidelity: Paying For Health Care In Retirement | Fidelity Investments,https://www.youtube.com/watch?v=6ed42YubtYU,"10,250 views",1,,"fidelity, questions, paying, health, care"
Analyzing Crypto Data & Trends | Fidelity Investments,https://www.youtube.com/watch?v=VsvVJBUxZbw,471 views,1,,"analyzing, crypto, data, trends, fidelity"
Crypto Market Recap & 2023 Mid-Year Lookahead | Fidelity Investments,https://www.youtube.com/watch?v=Y-W-4CoKIl4,616 views,1,,"crypto, market, recap, mid, year"
What Makes Crypto Prices Go Up And Down? | Fidelity Investments,https://www.youtube.com/watch?v=-9O4n7gC4xM,"2,703 views",1,,"what, makes, crypto, prices, go"
Ethereum Vs. Bitcoin: What’s The Difference Between These Cryptocurrencies? | Fidelity Investments,https://www.youtube.com/watch?v=5gS1WmSa6F8,"1,270 views",1,,"ethereum, vs, bitcoin, what, s"
dApps Explained: What Are They And How Do They Work? | Fidelity Investments,https://www.youtube.com/watch?v=WfmC6mIPq3A,857 views,1,,"they, dapps, explained, what, how"
Insights Live: Financial Planning for Life's Many Changes | Fidelity Investments,https://www.youtube.com/watch?v=XOaV5jrmhsc,"1,147 views",1,,"insights, live, financial, planning, life"
Fidelity Viewpoints®: Basics for Managing Your Money | Fidelity Investments,https://www.youtube.com/watch?v=f-vTcQis08A,"9,492 views",1,,"fidelity, viewpoints, basics, managing, your"
5 Questions With Fidelity: The Financial Impact Of Caregiving | Fidelity Investments,https://www.youtube.com/watch?v=5jmMic3rCeY,386 views,1,,"fidelity, questions, financial, impact, caregiving"
Insights Live: Planning For Health Care Costs In Retirement | Fidelity Investments,https://www.youtube.com/watch?v=RyAv58Dstls,"1,039 views",1,,"insights, live, planning, health, care"
How To Roll Over An Old 401(k) | Fidelity Investments,https://www.youtube.com/watch?v=2GLNDiirbrg,"35,891 views",1,,"how, roll, over, old, k"
How To Open A Roth IRA | Fidelity Investments,https://www.youtube.com/watch?v=44zo5gCa3Lg,"66,077 views",1,,"how, open, roth, ira, fidelity"
Insights Live: Navigating The Markets’ Ups And Downs | Fidelity Investments,https://www.youtube.com/watch?v=Ej-fLuByopY,923 views,1,,"insights, live, navigating, markets, ups"
How to get the ROYAL TIPPY TOPPER FASTER in Pancake Empire Tower Tycoon | Fidelity Investments,https://www.youtube.com/watch?v=prgJ3bvyAdw,"3,688 views",1,,"how, get, royal, tippy, topper"
5 Questions With Fidelity: Should You Invest In Bonds Now? | Fidelity Investments,https://www.youtube.com/watch?v=iUhvXT4vujU,"3,329 views",1,,"fidelity, questions, should, invest, bonds"
What Is Fidelity Bloom®? | Fidelity Investments,https://www.youtube.com/watch?v=bdWsfJQsmNM,"216,639 views",1,,"fidelity, what, bloom, investments"
Pancake Empire Tower Tycoon | Fidelity Investments,https://www.youtube.com/watch?v=vXUHZ6FceeE,"1,821 views",1,,"pancake, empire, tower, tycoon, fidelity"
Fidelity Viewpoints®: Maximizing Benefits During A Job Transition | Fidelity Investments,https://www.youtube.com/watch?v=I_tz8V4er9s,"1,045 views",1,,"fidelity, viewpoints, maximizing, benefits, during"
Insights Live: Estate Planning Conversations And Strategies | Fidelity Investments,https://www.youtube.com/watch?v=2LxyALWkDr8,703 views,1,,"insights, live, estate, planning, conversations"
5 Questions With Fidelity: How Trusts May Fit Into Your Estate Plan | Fidelity Investments,https://www.youtube.com/watch?v=TI9slxCr6vA,"1,190 views",1,,"fidelity, questions, how, trusts, may"
Insights Live: Tax-Smart Strategies For Retirement | Fidelity Investments,https://www.youtube.com/watch?v=GSXUFq8M75g,"1,557 views",1,,"insights, live, tax, smart, strategies"
Insights Live: Withdrawal Strategies In Retirement | Fidelity Investments,https://www.youtube.com/watch?v=0Ry4ey8tuE4,"2,704 views",1,,"insights, live, withdrawal, strategies, retirement"
Insights Live: Generating Income in Retirement | Fidelity Investments,https://www.youtube.com/watch?v=Io-TNv-6Bkg,"4,981 views",1,,"insights, live, generating, income, retirement"
Insights Live: Building An Effective Estate Plan | Fidelity Investments,https://www.youtube.com/watch?v=FAXq-KDoI7Q,"2,182 views",1,,"insights, live, building, effective, estate"
5 Questions With Fidelity: How to Get Started With Estate Planning | Fidelity Investments,https://www.youtube.com/watch?v=yVmOZ_9xhsU,"1,017 views",1,,"fidelity, questions, how, get, started"
Ensuring Your Trust Reflects Your Wishes And Intentions | Fidelity Investments,https://www.youtube.com/watch?v=HdwQQjpiH2U,419 views,1,,"your, ensuring, trust, reflects, wishes"
Caring For A Child With Special Needs | Fidelity Investments,https://www.youtube.com/watch?v=Y53YDZ4N5b4,470 views,1,,"caring, child, special, needs, fidelity"
5 Questions With Fidelity: How Alternative Investments May Help Enhance Your Portfolio | Fidelity,https://www.youtube.com/watch?v=5rTk08qJ5ic,758 views,1,,"fidelity, questions, how, alternative, investments"
5 Questions With Fidelity: How To Plan For Retirement Income | Fidelity Investments,https://www.youtube.com/watch?v=hKOsaljqhCs,"2,134 views",1,,"fidelity, questions, how, plan, retirement"
"5 Questions With Fidelity: Growing and Protecting Your ""Retirement Paycheck"" | Fidelity Investments",https://www.youtube.com/watch?v=fhNZZrsmjkQ,"1,854 views",1,,"fidelity, questions, growing, protecting, your"
5 Questions With Fidelity: Finding Opportunities In Today's Market | Fidelity Investments,https://www.youtube.com/watch?v=UJAfyRenYR0,"5,096 views",1,,"fidelity, questions, finding, opportunities, today"
When To Use Options To Help Protect Your Portfolio From Downside Risk? | Fidelity Investments,https://www.youtube.com/watch?v=oGlh1rybNJI,875 views,1,,"when, use, options, help, protect"
What's A Good Tool To Start Researching Options And Why? | Fidelity Investments,https://www.youtube.com/watch?v=_xtkjprEt8c,832 views,1,,"what, s, good, tool, start"
What's The Difference Between Trading Stocks Compared To Trading Options? | Fidelity Investments,https://www.youtube.com/watch?v=z7_QgHd8f0A,388 views,1,,"trading, what, s, difference, between"
Trading Stocks and Now Considering Options. What Should I Be Looking Out For? | Fidelity Investments,https://www.youtube.com/watch?v=3Nbv5LziauU,457 views,1,,"trading, stocks, now, considering, options"
How Do I Pick a Strike Price and Expiration? | Fidelity Investments,https://www.youtube.com/watch?v=YVMVnIs0EFg,495 views,1,,"how, i, pick, strike, price"
When Does It Make Sense to Roll Options? | Fidelity Investments,https://www.youtube.com/watch?v=Cb8VGUKTwgI,"1,661 views",1,,"when, does, it, make, sense"
Risk/Reward Profiles For Options Trades | Fidelity Investments,https://www.youtube.com/watch?v=QnamwYVEMCM,504 views,1,,"risk, reward, profiles, options, trades"
When Trading Options Is It Better To Use A Market Order Or A Limit Order? | Fidelity Investments,https://www.youtube.com/watch?v=cCz82_cfG8s,"2,179 views",1,,"order, when, trading, options, it"
How Do You Trade Options Around Quarterly Earnings Events? | Fidelity Investments,https://www.youtube.com/watch?v=zqAQRj39GQo,685 views,1,,"how, trade, options, around, quarterly"
What Happens At Options Expiration? | Fidelity Investments,https://www.youtube.com/watch?v=J_yrUxvxYtE,"2,612 views",1,,"what, happens, options, expiration, fidelity"
How Do You Decide When to Take Profits or Cut Losses? | Fidelity Investments,https://www.youtube.com/watch?v=9UFFjMOEIbE,814 views,1,,"how, decide, when, take, profits"
"When Evaluating An Options Trade, What Do You Consider? | Fidelity Investments",https://www.youtube.com/watch?v=JSn7K9rS7eI,383 views,1,,"when, evaluating, options, trade, what"
Fidelity In 30: Dollar Cost Averaging | Fidelity Investments,https://www.youtube.com/watch?v=BcQSX66-Lmg,"2,934 views",1,,"fidelity, dollar, cost, averaging, investments"
Fidelity In 30: Inflation | Fidelity Investments,https://www.youtube.com/watch?v=25wnffE9J08,"1,425 views",1,,"fidelity, inflation, investments"
Fidelity In 30: Credit Cards | Fidelity Investments,https://www.youtube.com/watch?v=p4_dPYdwMLk,"1,597 views",1,,"fidelity, credit, cards, investments"
Fidelity In 30: Picking A Stock | Fidelity Investments,https://www.youtube.com/watch?v=OYNbWlG2VoU,"1,479 views",1,,"fidelity, picking, stock, investments"
Fidelity In 30: Spending Plan | Fidelity Investments,https://www.youtube.com/watch?v=JiO1d3ltBxQ,"1,621 views",1,,"fidelity, spending, plan, investments"
Trading on Margin: Pattern Day Trading Rules | Fidelity Investments,https://www.youtube.com/watch?v=G9-Q0bymqPY,"13,393 views",1,,"trading, margin, pattern, day, rules"
How do Fidelity Managed FidFolios? work? | Fidelity Investments,https://www.youtube.com/watch?v=eEptGX9ffd4,"14,385 views",1,,"fidelity, how, managed, fidfolios, work"
Understanding Margin Balances | Fidelity Investments,https://www.youtube.com/watch?v=fxgOGHvBXM4,"27,932 views",1,,"understanding, margin, balances, fidelity, investments"
Understanding a Wash Sale | Fidelity Investments,https://www.youtube.com/watch?v=qqAx_3Wh8dE,"32,235 views",1,,"understanding, wash, sale, fidelity, investments"
Cash Trading Rules: Avoiding Potential Violations | Fidelity Investments,https://www.youtube.com/watch?v=alodK3ORL7o,"22,206 views",1,,"cash, trading, rules, avoiding, potential"
Understanding Trade Settlement | Fidelity Investments,https://www.youtube.com/watch?v=9QqLZFFwQCA,"16,933 views",1,,"understanding, trade, settlement, fidelity, investments"
Exit Strategies | Fidelity Investments,https://www.youtube.com/watch?v=u_ZZX_5KS0E,"5,582 views",1,,"exit, strategies, fidelity, investments"
Entry Strategies | Fidelity Investments,https://www.youtube.com/watch?v=ARPunSNpP4o,"3,334 views",1,,"entry, strategies, fidelity, investments"
How Trends Can Spark Investing Ideas | Fidelity Investments,https://www.youtube.com/watch?v=Mf-pGZ866Pg,"4,497 views",1,,"how, trends, can, spark, investing"
Investing in Simple terms - Ticker Symbol | Fidelity Investments,https://www.youtube.com/watch?v=v_21v2VNI4A,"5,889 views",1,,"investing, simple, terms, ticker, symbol"
Investing in Simple terms – Shares | Fidelity Investments,https://www.youtube.com/watch?v=SfXCHZXO8PM,"4,403 views",1,,"investing, simple, terms, shares, fidelity"
Investing in Simple terms – Index | Fidelity Investments,https://www.youtube.com/watch?v=e1jKGk6qrlk,"6,925 views",1,,"investing, simple, terms, index, fidelity"
Investing in Simple terms- Bear Market | Fidelity Investments,https://www.youtube.com/watch?v=IfHS-IM7AyQ,"4,164 views",1,,"investing, simple, terms, bear, market"
Getting Started with Stock Screener | Fidelity Investments,https://www.youtube.com/watch?v=qXdJcM6LCEg,"30,398 views",1,,"getting, started, stock, screener, fidelity"
"2024 Bitcoin Price Prediction ($173,000+)",https://www.youtube.com/watch?v=urduBaABRZY,"14,108 views",2,,"bitcoin, price, prediction"
"Bitcoin EXPLODES To All Time High | $150,000 Next?",https://www.youtube.com/watch?v=FrKiVfaRRqo,"13,930 views",2,,"bitcoin, explodes, all, time, high"
Bitcoin Halving 2024: Explanation & Price Prediction,https://www.youtube.com/watch?v=GE4WGosGcHY,"100,664 views",2,,"bitcoin, halving, explanation, price, prediction"
How To Invest In Stocks For Beginners | Step By Step Guide,https://www.youtube.com/watch?v=8_iWSsoiNXs,"22,423 views",2,,"step, how, invest, stocks, beginners"
HUGE MILESTONE: Bitcoin ETF Approved. (Why It Matters),https://www.youtube.com/watch?v=X6HT-apA5rM,"19,959 views",2,,"huge, milestone, bitcoin, etf, approved"
How To ACTUALLY Retire & Live Off Your Investments,https://www.youtube.com/watch?v=1homL_QINEI,"33,211 views",2,,"how, actually, retire, live, off"
Dave Ramsey is WRONG About The 4% Rule,https://www.youtube.com/watch?v=TCcTxJmL2XY,"46,168 views",2,,"dave, ramsey, wrong, about, rule"
Here’s Why You NEED a Good Credit Score,https://www.youtube.com/watch?v=qW91_CRzrkg,"13,425 views",2,,"here, s, why, need, good"
The Future of Stocks: What to Expect in the Next 10 Years,https://www.youtube.com/watch?v=iQBobl0FdkA,"26,763 views",2,,"future, stocks, what, expect, next"
How To Get Rich With Compound Interest,https://www.youtube.com/watch?v=Ieh-6hNWJgY,"23,387 views",2,,"how, get, rich, compound, interest"
American Consumer Debt Hits $17 TRILLION | Is it as Bad as It Sounds?,https://www.youtube.com/watch?v=KUu2cg-Io_w,"16,315 views",2,,"it, as, american, consumer, debt"
The 2024 Recession: 100% Likelihood of USA Recession,https://www.youtube.com/watch?v=a7gTGqKHXGQ,"32,786 views",2,,"recession, likelihood, usa"
The Housing Market CRASH Is Coming (Don't Buy A Home Yet),https://www.youtube.com/watch?v=vAUB4QN9Vzc,"103,895 views",2,,"housing, market, crash, coming, don"
The Barbell Investing Strategy (High Risk High Reward),https://www.youtube.com/watch?v=WFpGusjZdLc,"12,355 views",2,,"high, barbell, investing, strategy, risk"
How To Invest In AI For Beginners (2023),https://www.youtube.com/watch?v=j4t_G-qmMfI,"21,685 views",2,,"how, invest, ai, beginners"
How To Make Money With Real Estate (4 PROVEN Ways),https://www.youtube.com/watch?v=ss-Ca5wnmZ0,"15,896 views",2,,"how, make, money, real, estate"
Money & Relationships: 5 Tips to Financial Success for Couples,https://www.youtube.com/watch?v=y4_CdtkcCxM,"29,827 views",2,,"money, relationships, tips, financial, success"
You Need $2.2 MILLION To Be Wealthy in 2023,https://www.youtube.com/watch?v=rv2EoRep1Vc,"25,138 views",2,,"need, million, be, wealthy"
What Is The Best Asset Allocation? | Stocks & Bonds,https://www.youtube.com/watch?v=QTOgtwcBuHc,"20,949 views",2,,"what, best, asset, allocation, stocks"
The US Government is BROKE | The 2023 Debt Ceiling,https://www.youtube.com/watch?v=4l1XtZDCupA,"44,799 views",2,,"us, government, broke, debt, ceiling"
ChatGPT Gives Me Financial Advice (NOT BAD!),https://www.youtube.com/watch?v=KkeDYQ9riiY,"23,756 views",2,,"chatgpt, gives, me, financial, advice"
Finance Pro Reacts to Investing Advice on TikTok (FUNNY),https://www.youtube.com/watch?v=peNf5gWoIzo,"26,767 views",2,,"finance, pro, reacts, investing, advice"
Is This The End Of The US Dollar? | What You NEED To Know,https://www.youtube.com/watch?v=kccXqwHVhCc,"68,743 views",2,,"this, end, us, dollar, what"
"Why I'm SMASH Buying $10,000 of SCHD (Early Retirement)",https://www.youtube.com/watch?v=k44m4VvZCyU,"124,163 views",2,,"why, i, m, smash, buying"
WARNING | The Banking Crisis Is Getting Worse,https://www.youtube.com/watch?v=TcYBTTAlMXQ,"49,806 views",2,,"warning, banking, crisis, getting, worse"
Dollar Cost Average vs Lump Sum Investing (Which Is Best?),https://www.youtube.com/watch?v=FgIlA-DXfUU,"64,256 views",2,,"dollar, cost, average, vs, lump"
The Silicon Valley Bank COLLAPSE | EXPLAINED,https://www.youtube.com/watch?v=amTSVeeaxK0,"86,936 views",2,,"silicon, valley, bank, collapse, explained"
"American Car Debt is EXPLODING Higher ($1,000 Per MONTH)",https://www.youtube.com/watch?v=15t7g2YCsIY,"87,017 views",2,,"american, car, debt, exploding, higher"
Best Place To SAVE Your Money | Guaranteed 5.1% Return!,https://www.youtube.com/watch?v=E0QrSfJySqo,"78,507 views",2,,"best, place, save, your, money"
39 Dividend Stocks That Pay Me $636.75 Per Month,https://www.youtube.com/watch?v=_C1kGztsZEU,"79,762 views",2,,"dividend, stocks, that, pay, me"
This MAJOR Recession Indicator is RED HOT...,https://www.youtube.com/watch?v=T5LQs_gw_DM,"63,595 views",2,,"this, major, recession, indicator, red"
"I JUST INVESTED $50,000 INTO THIS...",https://www.youtube.com/watch?v=fk9c99nF5Cg,"35,857 views",2,,"i, just, invested, into, this"
5 Ways To Find GREAT DEALS On Real Estate Foreclosures,https://www.youtube.com/watch?v=uXyelFeHrAg,"19,186 views",2,,"ways, find, great, deals, real"
Commercial Real Estate For Beginners | Step By Step Tutorial,https://www.youtube.com/watch?v=jxfGBQK3ZGk,"72,287 views",2,,"step, commercial, real, estate, beginners"
How I'm Investing My Money In 2023.,https://www.youtube.com/watch?v=inLKcYixfAE,"124,983 views",2,,"how, i, m, investing, my"
7 Simple Ways To Invest In Real Estate (Even If You're Broke),https://www.youtube.com/watch?v=Urp_sJk3-lY,"41,764 views",2,,"simple, ways, invest, real, estate"
How To Use Coinbase Advanced Trade (For Beginners),https://www.youtube.com/watch?v=AMDjwCK7NCo,"10,206 views",2,,"how, use, coinbase, advanced, trade"
The Ultimate Buy & Hold Portfolio (CRUSH The S&P 500),https://www.youtube.com/watch?v=D9Ec2QkQbuU,"58,522 views",2,,"ultimate, buy, hold, portfolio, crush"
How To Invest In Index Funds | Ultimate Guide,https://www.youtube.com/watch?v=cwUQ9qo-2kg,"59,933 views",2,,"how, invest, index, funds, ultimate"
3 Reasons I NEVER Use a Debit Card,https://www.youtube.com/watch?v=5pFxfUiQtbw,"43,633 views",2,,"reasons, i, never, use, debit"
How To Invest In a Bear Market (Like Rich People Do),https://www.youtube.com/watch?v=KdvI66vJ9XA,"39,172 views",2,,"how, invest, bear, market, like"
How To Pick The BEST Credit Card (For You),https://www.youtube.com/watch?v=xWxZHQw5xK8,"23,507 views",2,,"how, pick, best, credit, card"
How Much Money Do You Need To Live Off Dividends?,https://www.youtube.com/watch?v=Q-tZkOHJJJ0,"65,123 views",2,,"how, much, money, need, live"
How To Buy Treasury Bills | Step By Step Tutorial,https://www.youtube.com/watch?v=EtTkcyNt0Cg,"103,816 views",2,,"step, how, buy, treasury, bills"
The USA Is In a Debt Spiral | HUGE Debt Problem,https://www.youtube.com/watch?v=QFfgz3rCJ7Q,"47,867 views",2,,"debt, usa, spiral, huge, problem"
How To Sell Cash Secured Puts | Step By Step Tutorial,https://www.youtube.com/watch?v=_giZ3aFRXD4,"39,406 views",2,,"step, how, sell, cash, secured"
Inflation Has PEAKED (Prepare For Stagflation),https://www.youtube.com/watch?v=MMinBDK7YDw,"60,473 views",2,,"inflation, has, peaked, prepare, stagflation"
5 Simple Habits To Make You A Millionaire (NOT CLICKBAIT),https://www.youtube.com/watch?v=n0H7J9kPIdY,"78,427 views",2,,"simple, habits, make, millionaire, not"
How To Budget Your Paycheck (Do This When You Get Paid),https://www.youtube.com/watch?v=5tQuez0kbOY,"145,420 views",2,,"how, budget, your, paycheck, this"
The European Energy CRISIS (Winter Is Coming),https://www.youtube.com/watch?v=5_NdbRUNjoY,"73,440 views",2,,"european, energy, crisis, winter, coming"
The Inflation Reduction Act 2022 | How It Impacts You,https://www.youtube.com/watch?v=KWnYp6XGNLU,"103,250 views",2,,"inflation, reduction, act, how, it"
The Great DEFLATION Is Happening (Are You Prepared?),https://www.youtube.com/watch?v=sddywJwHN-o,"164,408 views",2,,"great, deflation, happening, prepared"
The Housing Market Correction Has Begun (BIG PRICE CUTS),https://www.youtube.com/watch?v=dmlRZlaCX8o,"263,234 views",2,,"housing, market, correction, has, begun"
The $7 TRILLION China Real Estate Bubble (Mortgage Boycotts),https://www.youtube.com/watch?v=cfGkct4t878,"151,862 views",2,,"trillion, china, real, estate, bubble"
The 2022 Recession Is Here (How To Prepare & Profit),https://www.youtube.com/watch?v=MVZSMUME9So,"177,953 views",2,,"recession, here, how, prepare, profit"
The TRUE Inflation Rate is EXPLODING (CPI 17.3%),https://www.youtube.com/watch?v=n7AvsIXR88Q,"127,485 views",2,,"true, inflation, rate, exploding, cpi"
The Car Loan Bubble Just Popped (HUGE Recession Indicator),https://www.youtube.com/watch?v=qx-SDTYCpDU,"734,658 views",2,,"car, loan, bubble, just, popped"
The Everything Bubble Just POPPED. (How To Protect Yourself),https://www.youtube.com/watch?v=pMpI1RkHrEQ,"142,205 views",2,,"everything, bubble, just, popped, how"
The Greatest Wealth Transfer IN HISTORY Has Begun,https://www.youtube.com/watch?v=A9dqFUk4BSY,"81,568 views",2,,"greatest, wealth, transfer, history, has"
The Housing Bubble Is Here. (CRAZY Housing Prices),https://www.youtube.com/watch?v=tjkMYRvr7DQ,"103,331 views",2,,"housing, bubble, here, crazy, prices"
How To Flip A House For Beginners (Step By Step),https://www.youtube.com/watch?v=FlttlwHicJ4,"16,025 views",2,,"step, how, flip, house, beginners"
How To Invest For Beginners With $0 | Step By Step,https://www.youtube.com/watch?v=kuXPKJzl8MA,"67,372 views",2,,"step, how, invest, beginners"
7 Reasons Why You're BROKE! (And How To Fix It),https://www.youtube.com/watch?v=EAmEkzFKOw0,"77,578 views",2,,"reasons, why, re, broke, how"
"$500,000 Bitcoin & Central Bank Digital Currencies Explained | Nik Bhatia",https://www.youtube.com/watch?v=YMUndAkGS_o,"10,059 views",2,,"bitcoin, central, bank, digital, currencies"
Stock Market for Beginners 2023 | How To Invest In Stocks,https://www.youtube.com/watch?v=EEP_tyBrFQE,"216,599 views",2,,"stock, market, beginners, how, invest"
Why Does The Stock Market Go Up? | @BrianFeroldiYT,https://www.youtube.com/watch?v=bNurcG4iwUQ,"11,327 views",2,,"why, does, stock, market, go"
10 Financial Goals to Achieve Before You’re 30,https://www.youtube.com/watch?v=5NqsuyuhsVA,"168,740 views",2,,"financial, goals, achieve, before, re"
$20 BILLION Portfolio Manager Exposes HUGE Macro Trends | Macro Alf,https://www.youtube.com/watch?v=NqjimZYYrTY,"15,668 views",2,,"macro, billion, portfolio, manager, exposes"
Creating Finance Content for MILLIONS on TikTok & YouTube | @humphrey,https://www.youtube.com/watch?v=cot691Fqz5Y,"11,271 views",2,,"creating, finance, content, millions, tiktok"
How To Save Money & Build Wealth | Nick Maggiulli,https://www.youtube.com/watch?v=yGxLw3YUdQw,"31,831 views",2,,"how, save, money, build, wealth"
The Bond Market is Collapsing | How It Impacts You,https://www.youtube.com/watch?v=czB_A5caNbQ,"63,690 views",2,,"bond, market, collapsing, how, it"
"How Much Passive Income My $383,529 Portfolio Makes Every Month",https://www.youtube.com/watch?v=vLxY19AnKFI,"75,366 views",2,,"how, much, passive, income, my"
The 7 Best Bitcoin Books You MUST Read,https://www.youtube.com/watch?v=IBi5q35I-bE,"15,556 views",2,,"best, bitcoin, books, must, read"
Housing Prices are STILL Crazy | Housing Market Update,https://www.youtube.com/watch?v=fDyHRkod-X8,"67,524 views",2,,"housing, prices, still, crazy, market"
How To Send And Receive Bitcoin | Ledger Nano,https://www.youtube.com/watch?v=2wZBfndZMnc,"111,667 views",2,,"how, send, receive, bitcoin, ledger"
What is Coast FIRE? (Financial Independence Retire Early),https://www.youtube.com/watch?v=6OX5SmWFrE8,"80,067 views",2,,"what, coast, fire, financial, independence"
Climbing The Wealth Ladder (6 Levels of Wealth),https://www.youtube.com/watch?v=sD9_tnRnCQQ,"96,628 views",2,,"wealth, climbing, ladder, levels"
US Inflation Highest In 40 Years (7.5% CPI) #Inflation,https://www.youtube.com/watch?v=ur_01UYEZFM,"50,299 views",2,,"inflation, us, highest, years, cpi"
Why 20 Cent Iced Coffee Doesn't Build Wealth,https://www.youtube.com/watch?v=RUH9FnfBFYQ,"61,009 views",2,,"why, cent, iced, coffee, doesn"
How To Profit From MASSIVE Inflation,https://www.youtube.com/watch?v=MPQ0pttjinI,"101,887 views",2,,"how, profit, from, massive, inflation"
5 Middle Class Money Traps to AVOID,https://www.youtube.com/watch?v=pgxPBj20FcA,"339,675 views",2,,"middle, class, money, traps, avoid"
"The USA is $29,000,000,000,000 In Debt",https://www.youtube.com/watch?v=b6PW2kt1jDk,"47,796 views",2,,"usa, debt"
The TRUTH About Personal Finance YouTubers,https://www.youtube.com/watch?v=vqivSNJlnO0,"44,877 views",2,,"truth, about, personal, finance, youtubers"
Index Funds vs Mutual Funds vs ETFs | Which Is Best?,https://www.youtube.com/watch?v=ugBs333NhbI,"211,919 views",2,,"funds, vs, index, mutual, etfs"
The Psychology of a Market Cycle | #Crypto #NFT #Stocks,https://www.youtube.com/watch?v=zIxyIRyuZ1w,"42,897 views",2,,"psychology, market, cycle, crypto, nft"
How To Build The Golden Butterfly Portfolio (VERY LOW RISK),https://www.youtube.com/watch?v=zkZrMfTvVXQ,"58,115 views",2,,"how, build, golden, butterfly, portfolio"
Buy. Borrow. Die. | How The Rich Stay Rich,https://www.youtube.com/watch?v=4_XFqwN9zLU,"175,793 views",2,,"rich, buy, borrow, die, how"
How To Budget For The Holidays & Get Rewarded $$$,https://www.youtube.com/watch?v=oe4CMlkhVp0,"17,481 views",2,,"how, budget, holidays, get, rewarded"
"How Much Passive Income My $239,843 Portfolio Makes Every Month",https://www.youtube.com/watch?v=UI8hTTy5HOI,"118,265 views",2,,"how, much, passive, income, my"
Becoming a Squid Game Token Millionaire #Squid,https://www.youtube.com/watch?v=svSw-L4yQA8,"33,628 views",2,,"squid, becoming, game, token, millionaire"
3 Investments That Will Change Your Life. (Seriously),https://www.youtube.com/watch?v=u2zTLnL5e3Y,"64,674 views",2,,"investments, that, will, change, your"
Bitcoin ETF Explained | Should You Invest?,https://www.youtube.com/watch?v=4Yxz09MG1bg,"95,330 views",2,,"bitcoin, etf, explained, should, invest"
7 Important Charts To Watch This Week (10/13/2021) #Investing,https://www.youtube.com/watch?v=onVuvGVUfi4,"20,250 views",2,,"important, charts, watch, this, week"
Warren Buffett Says Stocks Are Overvalued,https://www.youtube.com/watch?v=ilI2gcemjxs,"38,129 views",2,,"warren, buffett, says, stocks, overvalued"
Should You Pay Off Your Mortgage Early or Invest?,https://www.youtube.com/watch?v=Q1pmL2yOWCo,"150,234 views",2,,"should, pay, off, your, mortgage"
ROBINHOOD CITADEL GAMESTOP INSIDER TRADING? ($AMC $GME),https://www.youtube.com/watch?v=5e9lNBmzFDo,"30,429 views",2,,"robinhood, citadel, gamestop, insider, trading"
"I Invested $100,000 Into These 3 Stocks",https://www.youtube.com/watch?v=7PSGSU5AoQM,"108,554 views",2,,"i, invested, into, these, stocks"
The Federal Reserve Controls The Stock Market (The Truth),https://www.youtube.com/watch?v=ElRPki85Ss4,"45,101 views",2,,"federal, reserve, controls, stock, market"
ASK MARKO: Should I Buy a House or a Tesla?,https://www.youtube.com/watch?v=STTAAst4els,"20,854 views",2,,"ask, marko, should, i, buy"
The Housing Market Has PEAKED! (Or Has It?),https://www.youtube.com/watch?v=PWRLtPiTxME,"58,468 views",2,,"has, housing, market, peaked, or"
Where To Save Money For A House (DOWN PAYMENT),https://www.youtube.com/watch?v=hOIxQ8RRo_o,"77,079 views",2,,"where, save, money, house, down"
The 5 Best ETFs to Buy & Hold,https://www.youtube.com/watch?v=PuQpF5sBWb0,"299,444 views",2,,"best, etfs, buy, hold"
Why Used Car Prices Are EXPLODING!,https://www.youtube.com/watch?v=yk8mtR6SeG0,"99,830 views",2,,"why, used, car, prices, exploding"
Robinhood IPO: Everything You Need To Know,https://www.youtube.com/watch?v=KHawDugNahI,"28,672 views",2,,"robinhood, ipo, everything, need, know"
The All Weather Portfolio | Explained,https://www.youtube.com/watch?v=vllp2YbacDg,"35,482 views",2,,"all, weather, portfolio, explained"
How to Pay Off A Mortgage Faster (The Math),https://www.youtube.com/watch?v=1UAdFi6nQls,"170,250 views",2,,"how, pay, off, mortgage, faster"
5 Things You MUST DO To Retire | How To Retire,https://www.youtube.com/watch?v=tvYn8dwCAIU,"60,136 views",2,,"retire, things, must, how"
"$1,000/Month Passive Income Dividend Portfolio | 67 WEEK UPDATE!",https://www.youtube.com/watch?v=b-gE-kzlPDc,"94,232 views",2,,"month, passive, income, dividend, portfolio"
ELON MUSK JUST CRASHED BITCOIN!,https://www.youtube.com/watch?v=4D8BuJvM8AA,"37,928 views",2,,"elon, musk, just, crashed, bitcoin"
What is Inflation? | The Ultimate Guide to Inflation,https://www.youtube.com/watch?v=thdH80vw574,"112,310 views",2,,"inflation, what, ultimate, guide"
DOGECOIN TO THE MOON! (The Truth),https://www.youtube.com/watch?v=lpTZw5pzAbY,"73,741 views",2,,"dogecoin, moon, truth"
NEVER Do These 5 Things With Your Money!,https://www.youtube.com/watch?v=-76ELOqhyZs,"301,695 views",2,,"never, these, things, your, money"
What is Money? | Robert Breedlove,https://www.youtube.com/watch?v=JffTkZZC2z8,"25,336 views",2,,"what, money, robert, breedlove"
Coinbase IPO | Should You Invest? ($COIN),https://www.youtube.com/watch?v=L3CXBn_dyQc,"41,751 views",2,,"coinbase, ipo, should, invest, coin"
5 Types of Alternative Investments | NOT Stocks!,https://www.youtube.com/watch?v=mJQuOVnE7pU,"56,439 views",2,,"types, alternative, investments, not, stocks"
Hyperinflation Is Coming | Michael Burry Prediction,https://www.youtube.com/watch?v=0ILnJsLR63E,"84,358 views",2,,"hyperinflation, coming, michael, burry, prediction"
"$1,000/Month Passive Income Dividend Portfolio | 1 YEAR UPDATE!",https://www.youtube.com/watch?v=MG3RlNu4O6M,"114,445 views",2,,"month, passive, income, dividend, portfolio"
9 Benefits of a Paid Off House,https://www.youtube.com/watch?v=1VNsyUyUEuo,"56,811 views",2,,"benefits, paid, off, house"
What Are NFTs and How Do They Work?,https://www.youtube.com/watch?v=LU5Mv4TQEE8,"403,581 views",2,,"what, nfts, how, they, work"
How To Save Money (With NO Budget),https://www.youtube.com/watch?v=8CRn80CYp6A,"51,884 views",2,,"how, save, money, no, budget"
Tesla Buys Bitcoin | $1.5 BILLION ($TSLA $BTC),https://www.youtube.com/watch?v=PpCPWqMABr4,"48,000 views",2,,"tesla, buys, bitcoin, billion, tsla"
The Stock Market is Manipulated. ($GME $AMC $NOK),https://www.youtube.com/watch?v=eQR_nqHQ_RU,"332,627 views",2,,"stock, market, manipulated, gme, amc"
Pay Off Mortgage Early or Invest?,https://www.youtube.com/watch?v=ciDv7UcVnRM,"139,889 views",2,,"pay, off, mortgage, early, or"
How To Save For A House | Step by Step,https://www.youtube.com/watch?v=myifFj6pDl8,"76,186 views",2,,"step, how, save, house"
7 Simple Financial Goals For 2023,https://www.youtube.com/watch?v=7xlNYqNQq7g,"122,392 views",2,,"simple, financial, goals"
Stock Market for Beginners | Step by Step Guide,https://www.youtube.com/watch?v=bJHr6_skXWc,"8,580,121 views",2,,"step, stock, market, beginners, guide"
"BITCOIN ALL TIME HIGH - EXPLODES PAST $20,000 (Why It Matters)",https://www.youtube.com/watch?v=aZXBem4WEQI,"33,747 views",2,,"bitcoin, all, time, high, explodes"
How To Budget For The Holidays,https://www.youtube.com/watch?v=RZkT5HogJq4,"10,794 views",2,,"how, budget, holidays"
Should You Pay CASH For A Car? (My Thoughts),https://www.youtube.com/watch?v=gTkQ1WJ6X_M,"73,811 views",2,,"should, pay, cash, car, my"
What Is a SPAC? (SPAC Stocks 101),https://www.youtube.com/watch?v=07OSOD1xxNo,"44,527 views",2,,"spac, what, stocks"
PFIZER VACCINE | Stocks Up Big! [Great News],https://www.youtube.com/watch?v=IWa-Daya5qY,"20,348 views",2,,"pfizer, vaccine, stocks, up, big"
How To Buy Bitcoin For Beginners | Step by Step,https://www.youtube.com/watch?v=O1KaAboPX44,"257,514 views",2,,"step, how, buy, bitcoin, beginners"
"$1,000/Month Passive Income Dividend Portfolio | Ep. 1",https://www.youtube.com/watch?v=4aOulmy1vq0,"139,869 views",2,,"month, passive, income, dividend, portfolio"
Central Bank Digital Currencies Are Coming.,https://www.youtube.com/watch?v=NAdbx85lHxI,"62,265 views",2,,"central, bank, digital, currencies, coming"
Buying vs Building A House (Pros & Cons),https://www.youtube.com/watch?v=QzE1YLBnuV8,"192,018 views",2,,"buying, vs, building, house, pros"
How To Profit From The 2021 Housing Crash,https://www.youtube.com/watch?v=cSBtUb8Q-zY,"227,011 views",2,,"how, profit, from, housing, crash"
How To Build A 3 Fund Portfolio (The Lazy Portfolio),https://www.youtube.com/watch?v=3cOL-ZV-afw,"272,973 views",2,,"portfolio, how, build, fund, lazy"
5 Roth IRA Benefits You MUST Know,https://www.youtube.com/watch?v=EQZAb6hRdTw,"152,967 views",2,,"roth, ira, benefits, must, know"
Savers Are STILL Losers in 2023.,https://www.youtube.com/watch?v=tCJomat1W_0,"76,077 views",2,,"savers, still, losers"
How To Buy A House (STEP BY STEP),https://www.youtube.com/watch?v=fBP2E8J6SZ0,"567,817 views",2,,"step, how, buy, house"
What Is A Stock Split? (Stock Splits Explained),https://www.youtube.com/watch?v=U5H5kGi-1_Y,"87,419 views",2,,"stock, what, split, splits, explained"
DON'T PAY CASH AT CAR DEALERSHIPS! (Here's Why),https://www.youtube.com/watch?v=MleR3FFaKMU,"2,718,406 views",2,,"don, t, pay, cash, car"
Home Mortgages 101 (For First Time Home Buyers),https://www.youtube.com/watch?v=mU69g6Ao47A,"561,522 views",2,,"home, mortgages, first, time, buyers"
How To Invest In Gold (4 Ways),https://www.youtube.com/watch?v=fyTCqzWI18A,"308,233 views",2,,"how, invest, gold, ways"
The 3 Best Dividend ETFs (Buy & Hold),https://www.youtube.com/watch?v=8B6WqiGhfvU,"345,410 views",2,,"best, dividend, etfs, buy, hold"
"Twitter Hack: Elon Musk, Bill Gates, Jeff Bezos (SCAM!)",https://www.youtube.com/watch?v=HE1bX3WgS7Q,"32,536 views",2,,"twitter, hack, elon, musk, bill"
PPP Loan Details REVEALED! (Kanye West & Grant Cardone),https://www.youtube.com/watch?v=o3_Oo1G63o8,"90,535 views",2,,"ppp, loan, details, revealed, kanye"
When Will The Housing Market Crash? (Housing Bubble!),https://www.youtube.com/watch?v=U1xS9yZu-XU,"394,748 views",2,,"housing, when, will, market, crash"
The Fed Is Buying Corporate Bonds ($750 BILLION LOAN!),https://www.youtube.com/watch?v=dlbVprrEYog,"36,149 views",2,,"fed, buying, corporate, bonds, billion"
How To Flip A House For Beginners (Start to Finish),https://www.youtube.com/watch?v=7Ty_kn7KKxc,"672,208 views",2,,"how, flip, house, beginners, start"
STIMULUS LOAN FRAUD! (PPP Loan Forgiveness),https://www.youtube.com/watch?v=-Z3MhZksAZc,"51,792 views",2,,"loan, stimulus, fraud, ppp, forgiveness"
Should You Buy A House In 2021? (LOW INTEREST RATES!),https://www.youtube.com/watch?v=XkvYjKAgDsM,"353,980 views",2,,"should, buy, house, low, interest"
Bitcoin Halving 2020: Explanation & Price Prediction,https://www.youtube.com/watch?v=Om2-M-VMgbw,"159,995 views",2,,"bitcoin, halving, explanation, price, prediction"
Car Recession 2020: Is Now The Best Time To Buy A Car?,https://www.youtube.com/watch?v=6JcCLqhs810,"531,027 views",2,,"car, recession, now, best, time"
Oil Prices Are CRASHING! (NEGATIVE $13.10 Per Barrel?!),https://www.youtube.com/watch?v=v6Yowy8bm3M,"115,735 views",2,,"oil, prices, crashing, negative, per"
How To Manage Your Money In A Recession (RIGHT NOW!),https://www.youtube.com/watch?v=Yat7-69EIQU,"42,082 views",2,,"how, manage, your, money, recession"
How To Invest Your Stimulus Check.,https://www.youtube.com/watch?v=QwLTsYMagTg,"46,928 views",2,,"how, invest, your, stimulus, check"
UNEMPLOYED? Here Are 19 Companies That Are Hiring Right Now!,https://www.youtube.com/watch?v=HIhhPF8rWdg,"35,644 views",2,,"unemployed, here, companies, that, hiring"
"$10,000 Forgivable Stimulus Package Loan (TIME SENSITIVE!)",https://www.youtube.com/watch?v=fzHpXVDiRs0,"243,307 views",2,,"forgivable, stimulus, package, loan, time"
How To Build Wealth In A Recession,https://www.youtube.com/watch?v=BOWdlH3nAUw,"180,780 views",2,,"how, build, wealth, recession"
$1 TRILLION Stimulus Package! Corporate Bail Outs & Personal Checks!,https://www.youtube.com/watch?v=sKCm3z1aNf0,"136,453 views",2,,"trillion, stimulus, package, corporate, bail"
Fed Cuts Rates to ZERO! Announces $700 BILLION Quantitative Easing!,https://www.youtube.com/watch?v=lEOEvYyHU4o,"307,816 views",2,,"fed, cuts, rates, zero, announces"
2 BIG Reasons The Stock Market Is Crashing!,https://www.youtube.com/watch?v=inoIgmzdDT4,"100,729 views",2,,"big, reasons, stock, market, crashing"
FED RATE CUT - DOW DOWN 786 POINTS!,https://www.youtube.com/watch?v=jfc47iErlW0,"47,918 views",2,,"fed, rate, cut, dow, down"
"I'm Building A $1,000/Month Passive Income Dividend Portfolio From $0",https://www.youtube.com/watch?v=zOYlSqLNHcA,"541,974 views",2,,"i, m, building, month, passive"
Saving Money is Losing You Money in 2023,https://www.youtube.com/watch?v=Iw243sRvOY0,"263,147 views",2,,"money, saving, losing"
M1 FINANCE REVIEW 2021 - Stock Market Investing Made Easy!,https://www.youtube.com/watch?v=nWXAMekob-w,"151,601 views",2,,"m1, finance, review, stock, market"
Tesla Stock EXPLODES to $948 PER SHARE! (#TSLA),https://www.youtube.com/watch?v=4Wl7LSnE3Gs,"21,581 views",2,,"tesla, stock, explodes, per, share"
Global Virus Black Swan Event (#StockMarketCrash2021),https://www.youtube.com/watch?v=CvKuuJaLn8I,"34,119 views",2,,"global, virus, black, swan, event"
"My $1,000 Fundrise Investment Update (109 Days Later)",https://www.youtube.com/watch?v=HgDW7a2wo5Y,"88,749 views",2,,"my, fundrise, investment, update, days"
Bitcoin vs Gold vs Fiat Money,https://www.youtube.com/watch?v=pUK1UN5jlVg,"38,802 views",2,,"vs, bitcoin, gold, fiat, money"
What Is Money and How Does It Work?,https://www.youtube.com/watch?v=P1c86USXzFo,"184,191 views",2,,"what, money, how, does, it"
How To Start Investing In 2021 (17 Different Ways),https://www.youtube.com/watch?v=Tc6BQAjTYKU,"85,842 views",2,,"how, start, investing, different, ways"
The Fed's EMERGENCY Repo Market Operation (QE4?!),https://www.youtube.com/watch?v=Zt3BypG-X8A,"39,597 views",2,,"fed, s, emergency, repo, market"
How I Made Money In Real Estate (Residential & Commercial Real Estate),https://www.youtube.com/watch?v=BCmQt-hfJFg,"14,450 views",2,,"real, estate, how, i, made"
How to Set and Achieve Goals (My Secret to Success),https://www.youtube.com/watch?v=P5MOMb-wiTU,"23,770 views",2,,"how, set, achieve, goals, my"
"What Does ""OK Boomer"" Mean",https://www.youtube.com/watch?v=6T3iXLi-xlE,"44,310 views",2,,"what, does, ok, boomer, mean"
My Friend's ATM Side Hustle (Passive Income 2023),https://www.youtube.com/watch?v=Icaok4K2sdM,"1,072,807 views",2,,"my, friend, s, atm, side"
The Top 5 Financial SCAMS of 2020 | With Special Guest Meet Kevin,https://www.youtube.com/watch?v=q4HvxpJwua8,"73,645 views",2,,"top, financial, scams, special, guest"
Good Debt vs. Bad Debt: Is There A Difference?,https://www.youtube.com/watch?v=UOQ52IsG5bA,"39,086 views",2,,"debt, good, vs, bad, there"
Investing For Beginners: Cash Flow Vs. Capital Gains,https://www.youtube.com/watch?v=KOryhgWW6Rk,"93,618 views",2,,"investing, beginners, cash, flow, vs"
Ray Dalio: The Financial System Is Broken (2020 Recession),https://www.youtube.com/watch?v=fKRBMHYjyv0,"34,636 views",2,,"ray, dalio, financial, system, broken"
Making $150k A Year And Still Feel Broke (CASE STUDY),https://www.youtube.com/watch?v=PV3LYLmqdrA,"51,219 views",2,,"making, 150k, year, still, feel"
FED INJECTS $211B INTO THE REPO MARKET IN 2 DAYS!,https://www.youtube.com/watch?v=Wd68UrScB98,"70,944 views",2,,"fed, injects, 211b, into, repo"
The Time Value of Money (Explained),https://www.youtube.com/watch?v=DQN9NquSKJE,"40,725 views",2,,"time, value, money, explained"
17 Finance Questions Asked By My Subscribers,https://www.youtube.com/watch?v=-ILMSp4jLZI,"30,978 views",2,,"finance, questions, asked, my, subscribers"
7 Finance Books That Changed My Life,https://www.youtube.com/watch?v=R1JWmP84K28,"164,480 views",2,,"finance, books, that, changed, my"
5 Simple Ways To Invest In Real Estate,https://www.youtube.com/watch?v=2wY-hVTbT58,"44,485 views",2,,"simple, ways, invest, real, estate"
Why Dave Ramsey Is WRONG About Credit Cards,https://www.youtube.com/watch?v=Xj-ATDoWMqk,"272,037 views",2,,"why, dave, ramsey, wrong, about"
How to Pay Off Debt FAST (5 BIG Lifestyle Changes),https://www.youtube.com/watch?v=UP060hfGuas,"80,225 views",2,,"how, pay, off, debt, fast"
FUNDRISE REVIEW 2021 - Passive Real Estate Investing,https://www.youtube.com/watch?v=y0Z-Ly2d8A4,"157,354 views",2,,"fundrise, review, passive, real, estate"
Should I Buy a New or Used Car,https://www.youtube.com/watch?v=tHAR4SvDiZQ,"690,202 views",2,,"should, i, buy, new, or"
Best Jobs For The Future (2023 & Beyond),https://www.youtube.com/watch?v=1Ey6K4Wkiaw,"475,727 views",2,,"best, jobs, future, beyond"
Stocks Vs. Real Estate | Which Is A Better Investment?,https://www.youtube.com/watch?v=AHRIt3La4T4,"146,336 views",2,,"stocks, vs, real, estate, which"
Vanguard Index Funds (Investing For Beginners),https://www.youtube.com/watch?v=vDz_OAU_uq4,"367,333 views",2,,"vanguard, index, funds, investing, beginners"
How To Invest In Your Twenties,https://www.youtube.com/watch?v=jmJ5-bW-jVU,"69,053 views",2,,"how, invest, your, twenties"
How Does Short Selling Work (Short Selling Explained),https://www.youtube.com/watch?v=VgX_R5mmxxQ,"163,893 views",2,,"short, selling, how, does, work"
Should You Pay Off Debt Or Invest,https://www.youtube.com/watch?v=Mcg0QMI1qpE,"360,575 views",2,,"should, pay, off, debt, or"
What Is The Rule Of 72,https://www.youtube.com/watch?v=kF2ZYeE6XfE,"343,124 views",2,,"what, rule"
Term Vs. Whole Life Insurance (Life Insurance Explained),https://www.youtube.com/watch?v=ZFLAsu97C9M,"834,812 views",2,,"life, insurance, term, vs, whole"
How Much YouTube Paid Me For 5 MILLION Views (NOT Clickbait),https://www.youtube.com/watch?v=9KBqMADNwvA,"241,126 views",2,,"how, much, youtube, paid, me"
The 2020 Recession: How To Prepare For The Next Market Crash,https://www.youtube.com/watch?v=jvymyRS0Vug,"1,068,745 views",2,,"recession, how, prepare, next, market"
How To Negotiate A Higher Salary (5 Ways),https://www.youtube.com/watch?v=RnTJDM2-AKI,"39,043 views",2,,"how, negotiate, higher, salary, ways"
The Envelope Budget (Money Management),https://www.youtube.com/watch?v=JTxxKt1Zt0U,"20,801 views",2,,"envelope, budget, money, management"
7 Car Dealership Rip Offs You Should NEVER Pay For!,https://www.youtube.com/watch?v=yLRBkn8s__I,"1,582,704 views",2,,"car, dealership, rip, offs, should"
BETTERMENT REVIEW 2020 - Making Investing EASY,https://www.youtube.com/watch?v=_9I05zBKLGg,"37,277 views",2,,"betterment, review, making, investing, easy"
EQUIFAX BREACH SETTLEMENT: Does Equifax Owe You $125?,https://www.youtube.com/watch?v=nJ1tGvLhy_Y,"16,033 views",2,,"equifax, breach, settlement, does, owe"
How To STOP Living Paycheck to Paycheck,https://www.youtube.com/watch?v=NSpMFtcXxcc,"547,764 views",2,,"paycheck, how, stop, living"
Tesla Model 3 Tax Credit Explained (Real Example),https://www.youtube.com/watch?v=Dcoq00oKNho,"45,020 views",2,,"tesla, model, tax, credit, explained"
How To Improve Your Credit Score (6 Steps),https://www.youtube.com/watch?v=Qx3BjHrUJ6o,"56,351 views",2,,"how, improve, your, credit, score"
The Student Loan Debt Crisis,https://www.youtube.com/watch?v=scwzmCnxm4E,"27,206 views",2,,"student, loan, debt, crisis"
RICH PEOPLE PROBLEMS | 10 Things Rich People Worry About,https://www.youtube.com/watch?v=4AcmIlmmGSA,"31,607 views",2,,"rich, people, problems, things, worry"
Roth IRA vs 401k (2021),https://www.youtube.com/watch?v=AbkacoEdAG0,"482,083 views",2,,"roth, ira, vs, 401k"
Why I Bought An Old BMW (Supply & Demand Explained),https://www.youtube.com/watch?v=wsCGOuGkcFE,"27,603 views",2,,"why, i, bought, old, bmw"
"My $49,360.48 Roth IRA Portfolio (REVEALED)",https://www.youtube.com/watch?v=avIGUXQhCKc,"100,079 views",2,,"my, roth, ira, portfolio, revealed"
How To Make Passive Income (2021),https://www.youtube.com/watch?v=o1WWhRtJ4hI,"608,550 views",2,,"how, make, passive, income"
How To Pay Yourself First,https://www.youtube.com/watch?v=9RX1WSD3FBg,"328,635 views",2,,"how, pay, yourself, first"
8 Ways To Make Money On The Side (2021),https://www.youtube.com/watch?v=7PJSeJWu0cY,"284,455 views",2,,"ways, make, money, side"
Why Dave Ramsey's 7 Baby Steps Work,https://www.youtube.com/watch?v=l_RvHPL-3Zo,"1,281,651 views",2,,"why, dave, ramsey, s, baby"
How To Pay Off Debt (Debt Snowball vs Debt Avalanche),https://www.youtube.com/watch?v=pftx9Jx6N1Q,"360,599 views",2,,"debt, how, pay, off, snowball"
How To Manage Your Money (50/30/20 Rule),https://www.youtube.com/watch?v=HQzoZfc3GwQ,"3,641,157 views",2,,"how, manage, your, money, rule"
How Much Car Can I Afford (20/4/10 Rule),https://www.youtube.com/watch?v=Q5_X36qBceE,"1,504,950 views",2,,"how, much, car, can, i"
How Cars Keep You BROKE! (The Truth),https://www.youtube.com/watch?v=_qOaT8dnnpA,"540,779 views",2,,"how, cars, keep, broke, truth"
How To Flip A House For Beginners,https://www.youtube.com/watch?v=Tcm0VOhl-Nw,"462,855 views",2,,"how, flip, house, beginners"
Financial Education Is NOT Taught In Schools,https://www.youtube.com/watch?v=tQRQaMaM15o,"16,129 views",2,,"financial, education, not, taught, schools"
How to Succeed in Business,https://www.youtube.com/watch?v=Jq-MKhP0nys,"8,555 views",2,,"how, succeed, business"
The Truth About Getting Rich (Cashflow Quadrant) ??,https://www.youtube.com/watch?v=BnOLYnMQAMg,"426,738 views",2,,"truth, about, getting, rich, cashflow"
Can YOU Afford Retirement? | 4% Rule Explained | Safe Withdrawal Rate,https://www.youtube.com/watch?v=1O1Lk21o3Hw,"246,793 views",2,,"can, afford, retirement, rule, explained"
Buying vs. Leasing a Car (Pros and Cons),https://www.youtube.com/watch?v=BtY9Nmm2z0U,"2,186,202 views",2,,"buying, vs, leasing, car, pros"
"Before and After House Flip Video ($35,000+ Profit!)",https://www.youtube.com/watch?v=RjQ8Y616jAI,"20,282 views",2,,"before, after, house, flip, video"
Your BROKE Friend.,https://www.youtube.com/watch?v=mQ_8VEi57xo,"17,689 views",2,,"your, broke, friend"
How Car Dealerships Rip You Off (The Truth),https://www.youtube.com/watch?v=1gtmij_uNuE,"8,161,686 views",2,,"how, car, dealerships, rip, off"
BRRRR Strategy | The Fastest Way To Build Wealth,https://www.youtube.com/watch?v=UGOncfd_5-g,"131,913 views",2,,"brrrr, strategy, fastest, way, build"
Life Insurance: How Much Do You Need?,https://www.youtube.com/watch?v=LeAoL9wzEvQ,"7,318 views",2,,"life, insurance, how, much, need"
Money Mistakes To Avoid In Your 20s,https://www.youtube.com/watch?v=WourzettFXA,"33,365 views",2,,"money, mistakes, avoid, your, 20s"
HOW TO RETIRE A MILLIONAIRE WITH A ROTH IRA,https://www.youtube.com/watch?v=KjxIFqU76Qk,"27,576 views",2,,"how, retire, millionaire, roth, ira"
HOW TO BUDGET | Budgeting Tips & Spreadsheet,https://www.youtube.com/watch?v=75VZ-cfORDg,"29,489 views",2,,"how, budget, budgeting, tips, spreadsheet"
HOW MUCH HOUSE CAN I AFFORD? | Home Affordability Spreadsheet,https://www.youtube.com/watch?v=HfrqjUKj1uA,"392,084 views",2,,"how, much, house, can, i"
Interview With a Mortgage Broker (How to Start a Mortgage Brokerage),https://www.youtube.com/watch?v=Ufy68NTcdSU,"65,732 views",2,,"mortgage, interview, broker, how, start"
The Shrinking Middle Class,https://www.youtube.com/watch?v=5jJDAgbWkmw,"5,048 views",2,,"shrinking, middle, class"
BEST ETFs FOR 2019,https://www.youtube.com/watch?v=J8dzGxnhjBo,"20,061 views",2,,"best, etfs"
The 2020 Market Crash: Inverted Yield Curve,https://www.youtube.com/watch?v=ex_22wF7JIs,"3,818 views",2,,"market, crash, inverted, yield, curve"
3 Stocks to Buy in December 2018?,https://www.youtube.com/watch?v=kOANJnjyk2g,"4,610 views",2,,"stocks, buy, december"
1 YEAR YOUTUBE ANNIVERSARY!,https://www.youtube.com/watch?v=jki_T-2duU0,783 views,2,,"year, youtube, anniversary"
GETTING STARTED IN REAL ESTATE INVESTING ????,https://www.youtube.com/watch?v=rW2mt21jl9g,"9,343 views",2,,"getting, started, real, estate, investing"
Interviewing People About Stocks (HILARIOUS!),https://www.youtube.com/watch?v=xmNEsk3qGnc,"3,455 views",2,,"interviewing, people, about, stocks, hilarious"
Is College Worth It in 2019? ????,https://www.youtube.com/watch?v=NNA5d_d_RQs,"3,596 views",2,,"college, worth, it"
3 Stocks to Buy in November 2018? ??,https://www.youtube.com/watch?v=caG3gI1Re3o,"5,039 views",2,,"stocks, buy, november"
SEARS FILES FOR BANKRUPTCY! ??,https://www.youtube.com/watch?v=MlSuguHo5f0,"1,299 views",2,,"sears, files, bankruptcy"
Stock Market CRASHES! Let's Talk About It ??,https://www.youtube.com/watch?v=MfLHx5h_9tE,"4,265 views",2,,"stock, market, crashes, let, s"
Stock Portfolio Update - October 2018 (+38.8%),https://www.youtube.com/watch?v=FGNcm3u-nvQ,"2,746 views",2,,"stock, portfolio, update, october"
3 Stocks to Buy in October 2018!,https://www.youtube.com/watch?v=qHd12irO6mw,"3,731 views",2,,"stocks, buy, october"
Welcome Back to WhiteBoard Finance!,https://www.youtube.com/watch?v=Aa20udayK1Y,"3,279 views",2,,"welcome, back, whiteboard, finance"
My Favorite Stock for 2018!,https://www.youtube.com/watch?v=RRBPlmQ96Fw,"4,888 views",2,,"my, favorite, stock"
WBF #001 - From Corporate America to Full Time Real Estate Investor,https://www.youtube.com/watch?v=3BCxdAwSx-U,"2,407 views",2,,"wbf, from, corporate, america, full"
How I Made $4000 Selling My Mercedes Benz E55 AMG,https://www.youtube.com/watch?v=84PsUzSZIwI,"12,201 views",2,,"how, i, made, selling, my"
Why You NEED To Pay Attention to Marijuana Stocks,https://www.youtube.com/watch?v=4TLYlsQnzG8,"11,348 views",2,,"why, need, pay, attention, marijuana"
How to Analyze a Rental Property,https://www.youtube.com/watch?v=qLs8Je1Vkaw,"58,317 views",2,,"how, analyze, rental, property"
3 Stocks to Buy in March 2018,https://www.youtube.com/watch?v=PEKai58x1e0,"11,315 views",2,,"stocks, buy, march"
MY STOCK PICKS ARE UP 22.3% IN 3 MONTHS,https://www.youtube.com/watch?v=CNQD47NEyKY,"3,846 views",2,,"my, stock, picks, up, months"
Why Do You Want to Be Rich?,https://www.youtube.com/watch?v=xMzoqalKgPI,"6,356 views",2,,"why, want, be, rich"
Best Paying Jobs WITHOUT a Degree,https://www.youtube.com/watch?v=VLjnroloeHA,"30,905 views",2,,"best, paying, jobs, without, degree"
Rich Dad Poor Dad Summary 2019,https://www.youtube.com/watch?v=6jB5H18po2E,"30,441 views",2,,"dad, rich, poor, summary"
PAY YOURSELF FIRST,https://www.youtube.com/watch?v=gqEUPJdkFfE,"11,481 views",2,,"pay, yourself, first"
THE DOW DROPS 1175 POINTS! | What Should You Do?,https://www.youtube.com/watch?v=-WRuYcy_xhw,"6,214 views",2,,"dow, drops, points, what, should"
3 Stocks to Buy In February 2018,https://www.youtube.com/watch?v=wsz2XmqDHTo,"13,978 views",2,,"stocks, buy, february"
MY STOCK PICKS GAINED 18.23% IN 2 MONTHS,https://www.youtube.com/watch?v=Ca4iGw-r6bc,"4,466 views",2,,"my, stock, picks, gained, months"
Robinhood Adds Crypto Trading | NO FEES!,https://www.youtube.com/watch?v=RR997R2Hql0,"3,644 views",2,,"robinhood, adds, crypto, trading, no"
STOCK MARKET BUBBLE 2018,https://www.youtube.com/watch?v=mEVEFiMeX8A,"4,875 views",2,,"stock, market, bubble"
HOW TO INVEST $1000 in 2019,https://www.youtube.com/watch?v=0ReyIFwYN-4,"60,948 views",2,,"how, invest"
HOW TO BECOME A MILLIONAIRE 2018,https://www.youtube.com/watch?v=aq-VQuvVm4Q,"5,937 views",2,,"how, become, millionaire"
What Stocks is Warren Buffett Buying in 2019,https://www.youtube.com/watch?v=YtJKRERncxs,"22,149 views",2,,"what, stocks, warren, buffett, buying"
The Richest Man in Babylon Review,https://www.youtube.com/watch?v=C65rrjGtoDs,"27,799 views",2,,"richest, man, babylon, review"
HOW TO PICK STOCKS 2018,https://www.youtube.com/watch?v=UHVW7wGbJvk,"6,971 views",2,,"how, pick, stocks"
TOP 5 BLOCKCHAIN STOCKS 2019,https://www.youtube.com/watch?v=jOBKNzp9i_k,"43,918 views",2,,"top, blockchain, stocks"
BEFORE YOU INVEST | 10 Investing Principles,https://www.youtube.com/watch?v=j6y4FHm0cyM,"13,156 views",2,,"before, invest, investing, principles"
3 Stocks to Buy In January 2018,https://www.youtube.com/watch?v=N4qsIzsSsCQ,"9,492 views",2,,"stocks, buy, january"
What Do YOU Know About BITCOIN!,https://www.youtube.com/watch?v=nhn9MvHgDEU,"6,594 views",2,,"what, know, about, bitcoin"
BEST STOCKS FOR BEGINNERS 2019,https://www.youtube.com/watch?v=drysGxD6fZQ,"27,112 views",2,,"best, stocks, beginners"
INVESTING MONEY IN YOUR 20s,https://www.youtube.com/watch?v=2FEutpYhAuw,"11,950 views",2,,"investing, money, your, 20s"
BEST ETFs FOR 2018,https://www.youtube.com/watch?v=5nb6yjBqzaM,"45,935 views",2,,"best, etfs"
Who Is WhiteBoard Finance? | A Pledge to My Subscribers,https://www.youtube.com/watch?v=5HG7owYCqwY,"2,484 views",2,,"who, whiteboard, finance, pledge, my"
AVERAGE SAVINGS BY AGE | Rule of Thumb,https://www.youtube.com/watch?v=kLWmGSaDLdc,"72,139 views",2,,"average, savings, age, rule, thumb"
TOP 3 MARIJUANA STOCKS 2018,https://www.youtube.com/watch?v=obFyzsa0kLA,"159,832 views",2,,"top, marijuana, stocks"
HOW TO CALCULATE YOUR NET WORTH,https://www.youtube.com/watch?v=yZldc_7Vl-k,"8,326 views",2,,"how, calculate, your, net, worth"
15 YEAR VS 30 YEAR MORTGAGE,https://www.youtube.com/watch?v=qkclyj0V2T0,"364,655 views",2,,"year, vs, mortgage"
3 STOCKS TO BUY IN DECEMBER 2017,https://www.youtube.com/watch?v=GpcrwhV1_b0,"13,819 views",2,,"stocks, buy, december"
SPEND LESS MONEY EVERY MONTH 2020,https://www.youtube.com/watch?v=Skwv85YaWbY,"23,162 views",2,,"spend, less, money, every, month"
HOW TO GET OUT OF DEBT 2018,https://www.youtube.com/watch?v=M1Qo-0bUNXc,"11,127 views",2,,"how, get, out, debt"
HOW TO INCREASE YOUR CREDIT SCORE (2018),https://www.youtube.com/watch?v=RtnCs7eyIds,"17,847 views",2,,"how, increase, your, credit, score"
HOW TO ESTABLISH CREDIT 2018,https://www.youtube.com/watch?v=iq7br9wtsnI,"10,805 views",2,,"how, establish, credit"
